model,axis,n,mean,ci_lo,ci_hi
Qwen2.5-3B,Reliability: single-attempt success,35,0.314,0.171,0.457
Qwen2.5-3B,Security: worst-attack following,6,0.333,0.0,0.667
Qwen2.5-3B,Recovery: left over budget,6,0.333,0.0,0.667
Falcon3-3B,Reliability: single-attempt success,35,0.114,0.029,0.229
Falcon3-3B,Security: worst-attack following,6,0.0,0.0,0.0
Falcon3-3B,Recovery: left over budget,6,0.0,0.0,0.0
SmolLM2-1.7B,Reliability: single-attempt success,35,0.029,0.0,0.086
SmolLM2-1.7B,Security: worst-attack following,6,0.0,0.0,0.0
SmolLM2-1.7B,Recovery: left over budget,6,0.0,0.0,0.0
